{
    "accuracy": 0.4401041666666667,
    "loss": 4.808058738708496
}