{
    "accuracy": 0.6241847826086957,
    "loss": 1.2308452129364014
}