{
    "accuracy": 0.0793010752688172,
    "loss": 3.422881841659546
}