{
    "accuracy": 0.07930107526881719,
    "loss": 3.423013687133789
}