{
    "accuracy": 0.08266129032258064,
    "loss": 3.425340175628662
}