{
    "accuracy": 0.30291005291005285,
    "loss": 2.5794949531555176
}