{
    "accuracy": 0.6666666666666666,
    "loss": 1.267956018447876
}