{
    "accuracy": 0.6084656084656084,
    "loss": 1.390946388244629
}