{
    "accuracy": 0.43402777777777773,
    "loss": 3.893324613571167
}