{
    "accuracy": 0.8519965277777778,
    "loss": 0.8028082251548767
}