{
    "accuracy": 0.3280423280423281,
    "loss": 3.7395458221435547
}