{
    "accuracy": 0.36706349206349204,
    "loss": 2.962869644165039
}