{
    "accuracy": 0.5372665229885057,
    "loss": 1.5339969396591187
}