{
    "accuracy": 0.03819444444444444,
    "loss": 7.072904109954834
}