{
    "accuracy": 0.8237847222222222,
    "loss": 0.9740038514137268
}