{
    "accuracy": 0.04253472222222222,
    "loss": 7.0859150886535645
}