{
    "accuracy": 0.3732638888888889,
    "loss": 4.564009189605713
}