{
    "accuracy": 0.2955729166666667,
    "loss": 4.231179714202881
}