{
    "accuracy": 0.5314295977011494,
    "loss": 1.532216191291809
}