{
    "accuracy": 0.9114583333333334,
    "loss": 0.2805987596511841
}