{
    "accuracy": 0.8411458333333334,
    "loss": 0.4952869713306427
}