{
    "accuracy": 0.8394097222222222,
    "loss": 0.778497040271759
}