{
    "accuracy": 0.8893229166666666,
    "loss": 0.3489784896373749
}