{
    "accuracy": 0.46918402777777773,
    "loss": 3.602877378463745
}