{
    "accuracy": 0.44965277777777773,
    "loss": 3.6900131702423096
}