{
    "accuracy": 0.44574652777777773,
    "loss": 3.922165632247925
}