{
    "accuracy": 0.2604166666666667,
    "loss": 3.1343696117401123
}