{
    "accuracy": 0.5508261494252874,
    "loss": 1.4788851737976074
}