{
    "accuracy": 0.5454382183908046,
    "loss": 1.4818238019943237
}