{
    "accuracy": 0.3012152777777778,
    "loss": 4.941433906555176
}