{
    "accuracy": 0.2938368055555555,
    "loss": 4.980902194976807
}