{
    "accuracy": 0.21614583333333334,
    "loss": 3.3637094497680664
}