{
    "accuracy": 0.2942708333333333,
    "loss": 4.525548458099365
}