{
    "accuracy": 0.4657118055555556,
    "loss": 4.7473225593566895
}