{
    "accuracy": 0.3454861111111111,
    "loss": 2.29586124420166
}