{
    "accuracy": 0.84765625,
    "loss": 0.4861034154891968
}