{
    "accuracy": 0.052083333333333336,
    "kd_loss": 6.439207077026367,
    "reg_loss": 0.0,
    "total_loss": 6.439207077026367
}