{
    "accuracy": 0.053385416666666664,
    "kd_loss": 6.442850589752197,
    "reg_loss": 0.0,
    "total_loss": 6.442850589752197
}